{
  "client_info": {
    "id": "",
    "hostname": "pop-os",
    "platform": "debian",
    "os": "linux",
    "uptime": 15322,
    "remaining_memory": 5574778880
  },
  "process_info": {
    "pid": 275966,
    "attached_to_hardware_accel": false,
    "open_fds": [
      {
        "path": "/dev/null",
        "fd": 0
      },
      {
        "path": "/dev/null",
        "fd": 1
      },
      {
        "path": "/dev/null",
        "fd": 2
      },
      {
        "path": "/home/brandonsmith/cedana/cedana/benchmarking/pids/loop-275966.pid",
        "fd": 3
      }
    ],
    "open_write_only": [
      "/dev/null",
      "/dev/null",
      "/home/brandonsmith/cedana/cedana/benchmarking/pids/loop-275966.pid"
    ],
    "open_connections": [],
    "memory_percent": 0.008781272,
    "is_running": true,
    "status": "running"
  },
  "checkpoint_type": "criu",
  "checkpoint_path": "../../benchmarking/temp/loop/_home_brandonsmith_cedana_cedana_benchmarking_processes_loop_14_09_2023_1354.zip",
  "checkpoint_state": "CHECKPOINTED",
  "flag": "JOB_RUNNING"
}