{
  "client_info": {
    "id": "",
    "hostname": "pop-os",
    "platform": "debian",
    "os": "linux",
    "uptime": 15327,
    "remaining_memory": 5510955008
  },
  "process_info": {
    "pid": 278023,
    "attached_to_hardware_accel": false,
    "open_fds": [
      {
        "path": "/dev/null",
        "fd": 0
      },
      {
        "path": "/dev/null",
        "fd": 1
      },
      {
        "path": "/dev/null",
        "fd": 2
      },
      {
        "path": "socket:[527758]",
        "fd": 3
      }
    ],
    "open_write_only": [
      "/dev/null",
      "/dev/null",
      "socket:[527758]"
    ],
    "open_connections": [
      {
        "fd": 3,
        "family": 2,
        "type": 1,
        "localaddr": {
          "ip": "127.0.0.1",
          "port": 7891
        },
        "remoteaddr": {
          "ip": "0.0.0.0",
          "port": 0
        },
        "status": "LISTEN",
        "uids": [
          1000,
          1000,
          1000,
          1000
        ],
        "pid": 278023
      }
    ],
    "memory_percent": 0.011176164,
    "is_running": true,
    "status": "sleep"
  },
  "checkpoint_type": "criu",
  "checkpoint_path": "../../benchmarking/temp/server/_home_brandonsmith_cedana_cedana_benchmarking_processes_server_14_09_2023_1354.zip",
  "checkpoint_state": "CHECKPOINTED",
  "flag": "JOB_RUNNING"
}